0,5,-2.0957,0.0000,0.1444,-0.0051,2.8605,0,out
1,11,-2.0954,0.4826,0.1454,-0.0029,1.8271,0,out
2,21,-2.1728,0.3720,0.1462,-0.0017,1.0120,0,out
3,7,-2.1522,0.0000,0.1466,0.0005,2.3830,0,out
4,31,-2.4124,0.7835,0.1470,-0.0064,0.7227,0,out
5,8,-2.0999,0.0000,0.1473,0.0004,2.0276,0,out
6,29,-2.1542,0.8732,0.1471,0.0008,0.6243,0,collision
7,13,-2.1886,0.3468,0.1470,-0.0026,1.4310,0,out
8,5,-2.1573,0.0000,0.1468,-0.0056,2.6270,0,out
9,116,-1.6054,5.3077,0.1466,-0.0055,0.2107,0,collision
10,42,-1.8626,2.4169,0.1460,-0.0067,0.7838,0,landed
11,37,-2.3601,0.7657,0.1462,-0.0139,1.2182,0,out
12,12,-1.9860,0.2250,0.1467,-0.0017,1.1789,0,collision
13,20,-2.2071,0.0171,0.1473,-0.0068,0.7848,0,out
14,15,-2.1516,0.0000,0.1472,-0.0141,1.0232,0,out
15,51,-2.3131,0.8130,0.1473,-0.0107,0.4009,0,collision
16,18,-2.0252,0.5118,0.1476,-0.0047,0.8150,0,collision
17,42,-1.7532,2.4689,0.1476,-0.0078,0.6821,0,collision
18,36,-1.8553,2.0106,0.1479,0.0006,1.2219,0,collision
19,5,-2.1523,0.0000,0.1483,-0.0159,2.1436,0,out
20,25,-2.0700,0.9538,0.1484,-0.0128,0.5517,0,out
21,9,-2.1433,0.4174,0.1488,-0.0311,1.4647,0,out
22,74,-1.2637,5.9626,0.1495,-0.0066,0.4077,0,collision
23,7,-2.1749,0.0000,0.1505,-0.0055,1.6357,0,out
24,25,-2.0918,0.0812,0.1509,0.0027,0.4528,0,collision
25,39,-2.2256,1.0082,0.1511,-0.0149,0.7997,0,collision
26,20,-1.8042,1.1143,0.1520,0.0040,0.4864,0,collision
27,31,-1.3416,3.4899,0.1524,-0.0070,0.3944,0,collision
28,19,-2.1832,0.4251,0.1529,-0.0038,0.6339,0,out
29,4,-2.1156,0.0000,0.1532,0.0271,1.9787,0,out
30,13,-2.0388,0.4461,0.1533,-0.0212,0.7621,0,collision
31,5,-2.1569,0.0000,0.1540,-0.0014,1.7341,0,out
32,6,-2.1459,0.0000,0.1543,0.0297,1.5075,0,out
33,15,-1.8666,0.9333,0.1544,0.0007,0.6080,0,collision
34,11,-2.1182,0.3489,0.1549,-0.0130,0.9158,0,out
35,39,-2.3711,0.3852,0.1553,-0.0043,0.6201,0,collision
36,6,-2.1135,0.0000,0.1560,-0.0050,1.3737,0,out
37,15,-2.0921,0.4725,0.1565,-0.0128,0.6113,0,out
38,42,-1.8920,1.9475,0.1569,-0.0175,0.5006,0,collision
39,20,-2.2069,0.5833,0.1578,-0.0257,0.4594,0,out
40,22,-1.7548,1.4623,0.1582,-0.0015,0.3267,0,landed
41,40,-1.1527,5.2589,0.1586,-0.0103,0.5375,0,collision
42,18,-2.2475,0.3619,0.1597,-0.0242,0.6330,0,out
43,16,-2.1929,0.4294,0.1599,-0.0098,0.7052,0,out
44,8,-2.1796,0.2862,0.1604,-0.0521,1.2156,0,out
45,17,-2.2814,0.3394,0.1609,-0.0171,0.6097,0,out
46,17,-1.7027,1.7409,0.1614,0.0022,0.4025,0,collision
47,11,-2.2553,0.0000,0.1618,-0.0210,0.8762,0,out
48,63,-1.7852,4.0892,0.1622,-0.0231,0.1954,0,collision
49,25,-1.5898,2.0066,0.1630,-0.0082,0.2761,0,collision
50,48,-1.7026,2.4055,0.1635,-0.0151,0.1886,0,collision
51,23,-1.9651,1.0621,0.1642,-0.0126,0.3161,0,collision
52,20,-2.0266,1.0068,0.1646,-0.0399,0.3510,0,collision
53,8,-2.1448,0.0000,0.1650,-0.0074,0.8777,0,out
54,75,-1.8073,3.6946,0.1657,-0.0191,0.1955,0,collision
55,19,-1.9460,1.3699,0.1667,-0.0208,0.2947,0,collision
56,27,-2.2422,0.8845,0.1672,-0.0451,0.2994,0,out
57,30,-1.4887,3.1177,0.1678,-0.0170,0.2309,0,collision
58,47,-1.9664,2.9269,0.1686,-0.0304,0.2722,0,collision
59,17,-2.0698,0.6104,0.1697,0.0230,0.3118,0,collision
60,63,-1.8283,2.8112,0.1706,-0.0384,0.1249,0,collision
61,6,-2.1827,0.0000,0.1716,-0.0116,0.9103,0,out
62,25,-1.9186,1.4420,0.1722,0.0122,0.2082,0,landed
63,51,-1.6439,3.8438,0.1730,-0.0415,0.2558,0,collision
64,97,-1.2879,6.4683,0.1748,-0.0422,0.4718,0,collision
65,59,-1.5392,4.4969,0.1775,-0.0413,0.1864,0,collision
66,53,-1.7042,2.4997,0.1796,-0.0521,0.1986,0,collision
67,42,-1.6830,2.2955,0.1814,-0.0576,0.2014,0,collision
68,14,-2.1486,0.0897,0.1831,-0.0696,0.3673,0,out
69,17,-1.9429,0.9234,0.1839,-0.0691,0.2715,0,collision
70,95,-1.3696,5.3760,0.1863,-0.0487,0.1546,0,collision
71,34,-1.6677,1.9086,0.1885,-0.0405,0.5776,0,collision
72,115,-1.5915,5.2963,0.1921,-0.0268,0.0755,0,collision
73,10,-2.1500,0.0000,0.1946,-0.0238,0.5662,0,collision
74,17,-2.2349,0.0280,0.1950,-0.0375,0.3978,0,out
75,53,-1.1924,5.4151,0.1960,-0.0293,0.1306,0,collision
76,20,-2.0885,0.4754,0.1972,-0.0024,0.2865,0,collision
77,33,-1.3334,3.7556,0.1978,-0.0057,0.6242,0,collision
78,26,-1.9623,1.8662,0.1987,-0.0891,0.2434,0,collision
79,54,-2.4305,1.6973,0.1995,-0.0353,0.1511,0,collision
80,44,-2.1741,2.7311,0.2008,-0.0828,0.2553,0,collision
81,14,-2.0517,0.4333,0.2021,-0.0302,0.3319,0,landed
82,19,-2.1942,0.0000,0.2029,0.0227,0.2099,0,collision
83,36,-2.3386,1.1418,0.2037,-0.0860,0.3924,0,out
84,47,-0.9727,5.9683,0.2054,-0.0795,0.2021,0,collision
85,12,-2.0975,0.0000,0.2068,0.0262,0.3129,0,out
86,84,-1.9061,3.9732,0.2084,-0.0668,0.1070,0,landed
87,120,3.5803,12.5976,0.2119,-0.0768,0.9467,1,landed
88,29,-1.5688,3.2933,0.2149,-0.0429,0.1660,0,collision
89,22,-1.9909,0.9719,0.2161,-0.0639,0.1626,0,collision
90,41,-1.7849,2.8846,0.2174,-0.0171,0.2736,0,collision
91,31,-1.9031,2.5214,0.2192,-0.1046,0.1794,0,collision
92,111,2.7899,8.2790,0.2217,-0.0502,0.9189,1,collision
93,4,-2.1522,0.0000,0.2248,0.0361,0.7494,0,out
94,4,-2.1077,0.0000,0.2256,-0.0354,0.7737,0,out
95,5,-2.1162,0.0000,0.2264,0.0564,0.6724,0,out
96,71,-1.9082,2.3754,0.2275,-0.1330,0.1459,0,collision
97,4,-2.0827,0.0000,0.2298,-0.0186,0.6880,0,out
98,19,-1.8100,1.1256,0.2308,-0.0544,0.1527,0,collision
99,17,-2.0829,0.0089,0.2317,0.0849,0.1953,0,collision
100,32,-1.3186,3.9370,0.2323,-0.0493,0.0722,0,collision
101,42,-1.7053,3.3630,0.2333,-0.0854,0.1982,0,collision
102,7,-1.9003,0.5053,0.2348,-0.1324,0.3854,0,collision
103,29,-1.8769,1.3368,0.2358,0.0488,0.0964,0,collision
104,75,-1.5856,5.3790,0.2373,-0.0421,0.1088,0,collision
105,57,-2.1192,1.7106,0.2395,-0.0809,0.0762,0,collision
106,11,-2.1586,0.2741,0.2409,-0.2105,0.3190,0,out
107,70,-1.4527,5.2546,0.2425,-0.0741,0.1580,0,collision
108,27,-2.2726,0.0550,0.2449,-0.0359,0.1075,0,out
109,20,-1.9261,1.0713,0.2459,0.0431,0.1158,0,collision
110,38,-1.5151,3.7587,0.2469,-0.1521,0.2121,0,collision
111,15,-1.7017,1.9566,0.2486,-0.0258,0.1224,0,landed
112,11,-1.9646,0.7341,0.2495,0.0180,0.1767,0,landed
113,7,-2.1493,0.0000,0.2504,0.0409,0.3457,0,out
114,23,-2.0062,1.3181,0.2512,-0.1185,0.1215,0,collision
115,27,-1.8987,2.0677,0.2522,-0.0213,0.0981,0,landed
116,28,-1.9935,1.9694,0.2532,-0.1486,0.1201,0,landed
117,34,-1.5979,3.2321,0.2544,-0.0813,0.3188,0,landed
118,30,-1.5858,2.5157,0.2568,-0.0361,0.1050,0,collision
119,54,-1.4793,3.0291,0.2584,-0.0285,0.1178,0,landed
120,51,-1.8317,2.0847,0.2604,-0.1614,0.1035,0,collision
121,51,3.2706,7.1153,0.2629,-0.1396,2.0218,1,landed
122,5,-2.1449,0.1692,0.2654,-0.1313,0.4046,0,out
123,81,-1.2621,5.2775,0.2682,-0.0982,0.1280,0,collision
124,23,-1.8124,1.7333,0.2717,0.0165,0.0837,0,collision
125,24,-1.0990,4.5065,0.2730,-0.0400,0.1695,0,collision
126,36,-1.6286,2.7713,0.2744,-0.1927,0.1712,0,landed
127,33,-0.9622,5.7304,0.2772,-0.0872,0.3553,0,collision
128,50,-1.2041,5.2861,0.2811,-0.0261,0.0636,0,collision
129,20,-1.3522,3.2729,0.2835,0.0126,0.1024,0,collision
130,37,-1.6813,2.6294,0.2850,-0.0833,0.2348,0,landed
131,34,-1.7564,2.3047,0.2876,-0.0897,0.2631,0,collision
132,42,-0.9706,5.2546,0.2901,-0.0016,0.1552,0,collision
133,4,-2.1162,0.0000,0.2923,0.1112,0.4695,0,out
134,21,-1.8236,1.9976,0.2933,-0.1533,0.1334,0,collision
135,68,-1.0649,6.0723,0.2950,-0.1333,0.1344,0,collision
136,54,-1.8165,3.3279,0.2991,-0.0996,0.0533,0,landed
137,31,-1.1872,5.2495,0.3007,-0.0477,0.1194,0,collision
138,74,4.2954,12.6237,0.3029,-0.1275,1.2173,1,landed
139,30,-1.5363,3.4081,0.3058,-0.0829,0.0668,0,collision
140,44,-1.1820,5.2479,0.3078,-0.0175,0.0932,0,collision
141,53,-1.4078,4.0356,0.3109,-0.0788,0.0671,0,collision
142,49,3.2894,7.3621,0.3136,-0.1112,2.2562,1,collision
143,13,-1.9018,1.0160,0.3160,-0.0708,0.1809,0,collision
144,122,4.3864,14.6334,0.3199,-0.1195,0.4532,1,landed
145,22,-1.8224,1.3886,0.3236,-0.1368,0.1061,0,collision
146,52,-1.1265,5.4063,0.3259,-0.0744,0.0572,0,collision
147,66,-0.9861,5.6159,0.3294,-0.1547,0.2084,0,collision
148,18,-1.6770,2.1987,0.3330,-0.1525,0.1573,0,collision
149,53,-1.0872,5.2419,0.3358,-0.0799,0.0759,0,collision
150,43,-1.1315,5.2718,0.3381,-0.1301,0.1026,0,collision
151,41,-1.0435,5.2830,0.3407,0.0566,0.1884,0,collision
152,27,-1.2928,3.8191,0.3431,-0.1857,0.1103,0,collision
153,30,-1.0634,5.2520,0.3443,-0.0812,0.1226,0,collision
154,38,-0.9117,6.2142,0.3455,-0.2518,0.2286,0,collision
155,41,-1.8222,3.1971,0.3485,-0.2843,0.1639,0,collision
156,31,-1.1340,4.7776,0.3529,0.1029,0.0930,0,collision
157,21,-1.4767,2.8865,0.3544,-0.2527,0.1338,0,landed
158,59,3.5873,10.0133,0.3563,-0.1920,1.6333,1,landed
159,30,-1.0228,5.2620,0.3606,0.1050,0.1176,0,collision
160,52,4.1215,10.8318,0.3630,-0.0363,0.6159,1,collision
161,64,3.3500,8.5331,0.3669,-0.0508,0.9049,1,collision
162,33,-0.7453,6.5521,0.3692,-0.1323,0.4113,0,collision
163,58,-0.9851,6.0320,0.3731,-0.1532,0.0776,0,collision
164,35,-1.1492,5.2593,0.3759,0.0588,0.3041,0,collision
165,32,-1.1953,4.5787,0.3786,-0.0257,0.0514,0,collision
166,21,-0.9252,5.2735,0.3795,-0.1055,0.1331,0,collision
167,30,-1.1772,4.1054,0.3806,0.0384,0.0933,0,collision
168,40,-1.0194,5.4874,0.3816,-0.1548,0.2048,0,collision
169,28,-1.0967,5.4106,0.3839,-0.1269,0.1119,0,collision
170,24,-1.0331,5.2475,0.3855,0.1502,0.1092,0,collision
171,38,-1.0615,5.2498,0.3866,-0.0974,0.1832,0,collision
172,31,-0.9390,5.4977,0.3889,-0.2825,0.1563,0,landed
173,49,-1.1600,5.7869,0.3910,-0.2133,0.0984,0,collision
174,48,-0.7690,6.4136,0.3949,-0.1183,0.1134,0,landed
175,48,-1.2432,5.2581,0.3988,-0.1549,0.1090,0,collision
176,79,4.1541,12.2043,0.4038,-0.1211,0.9489,1,collision
177,51,4.6576,14.1698,0.4084,-0.2339,1.9361,1,landed
178,31,-0.7109,6.6302,0.4118,0.1962,0.1351,0,collision
179,46,-1.4118,5.2613,0.4139,-0.0371,0.1278,0,collision
180,34,-1.0592,5.9107,0.4160,0.1645,0.3931,0,collision
181,31,-1.0653,5.2534,0.4172,-0.1116,0.1195,0,collision
182,69,4.3220,13.2554,0.4175,0.1289,1.1928,1,collision
183,23,-1.2828,3.9699,0.4177,0.0654,0.0995,0,collision
184,63,4.7755,14.4713,0.4171,0.0324,1.6195,1,collision
185,29,-0.9731,5.1387,0.4161,-0.1152,0.1305,0,collision
186,83,4.2863,12.8951,0.4160,-0.1796,1.1058,1,landed
187,39,-0.9732,5.0731,0.4163,-0.2596,0.2617,0,collision
188,35,-1.4275,4.0023,0.4182,-0.1827,0.4167,0,landed
189,22,-1.5277,2.8979,0.4210,-0.1680,0.1644,0,landed
190,41,-2.1956,1.9746,0.4231,-0.1796,0.2998,0,collision
191,11,-1.6446,1.8116,0.4261,-0.2219,0.2916,0,landed
192,68,4.5540,13.8206,0.4291,0.0582,1.2194,1,collision
193,16,-1.4178,2.8710,0.4325,0.0257,0.1857,0,landed
194,35,-1.0242,5.2767,0.4333,-0.1168,0.3388,0,collision
195,30,-0.7175,6.4791,0.4347,-0.2016,0.1661,0,collision
196,48,3.9093,10.0287,0.4360,-0.1113,0.6638,1,landed
197,54,3.6904,8.8215,0.4379,-0.3141,1.7261,1,landed
198,67,3.3022,8.6805,0.4409,-0.3485,1.2435,1,landed
199,35,-0.7571,6.4346,0.4460,0.0602,0.4172,0,collision
200,53,3.7846,10.0030,0.4505,-0.3095,1.1826,1,landed
201,30,-0.9736,6.0615,0.4536,-0.0116,0.1487,0,collision
202,43,-1.0949,6.2394,0.4558,-0.0793,0.1691,0,collision
203,48,4.3665,12.2872,0.4594,-0.3714,1.8546,1,landed
204,49,4.0460,11.0053,0.4638,-0.2254,1.0644,1,collision
205,94,4.8536,16.2098,0.4705,-0.1668,1.1308,1,collision
206,29,-0.9301,5.5964,0.4752,-0.0453,0.1151,0,collision
207,17,-1.4000,3.0063,0.4775,-0.1260,0.2183,0,landed
208,76,4.2779,13.4188,0.4812,-0.1348,0.9721,1,collision
209,40,-1.1866,5.2624,0.4863,0.1439,0.2500,0,collision
210,18,-0.9273,5.5106,0.4895,-0.0972,0.1893,0,collision
211,29,3.4438,7.9031,0.4905,-0.1613,2.4920,1,collision
212,29,-0.9382,5.2646,0.4920,0.1858,0.1143,0,collision
213,23,-1.0335,5.2499,0.4929,0.0884,0.1843,0,collision
214,52,4.2262,11.4646,0.4941,-0.1121,1.5350,1,collision
215,52,4.6479,13.8569,0.4956,-0.0857,1.5639,1,collision
216,64,4.7152,14.0991,0.4974,-0.0642,0.8248,1,collision
217,32,3.8174,9.4498,0.4997,0.0642,1.3228,1,collision
218,31,-1.0831,5.2590,0.5006,-0.0476,0.1407,0,collision
219,29,-0.7657,6.4348,0.5012,-0.0323,0.1674,0,collision
220,28,-0.7994,6.1097,0.5017,-0.1575,0.1898,0,collision
221,21,-0.9372,5.2730,0.5021,0.1875,0.2034,0,collision
222,32,-1.0279,5.4175,0.5025,-0.1449,0.0900,0,collision
223,25,-0.9428,5.2617,0.5031,-0.0404,0.2158,0,collision
224,26,-0.8978,5.6974,0.5037,0.2351,0.1674,0,collision
225,61,4.2934,12.7646,0.5042,-0.3467,1.3131,1,collision
226,39,4.0675,11.4192,0.5059,-0.3157,2.2610,1,landed
227,22,-0.9215,5.2573,0.5083,0.1530,0.2184,0,collision
228,35,-0.9672,5.5937,0.5103,-0.1824,0.5481,0,collision
229,24,-1.0499,5.2652,0.5130,-0.1296,0.2259,0,collision
230,62,4.3776,12.7698,0.5154,-0.3294,1.2363,1,landed
231,28,-1.0524,5.2639,0.5183,0.0814,0.1574,0,collision
232,68,4.5211,13.9953,0.5207,-0.1295,1.4223,1,collision
233,19,-0.8869,5.5449,0.5260,0.0670,0.2480,0,collision
234,17,-1.4585,2.9408,0.5275,-0.4525,0.3431,0,landed
235,26,-1.1125,5.2612,0.5295,0.1357,0.2027,0,collision
236,67,4.7568,14.4562,0.5322,-0.1732,1.2691,1,collision
237,47,4.2961,12.5555,0.5375,-0.1756,2.0325,1,landed
238,94,12.3022,22.5199,0.5422,-0.1198,1.1075,2,collision
239,71,5.2318,16.5916,0.5468,-0.2018,0.7953,1,collision
240,40,4.3627,12.3060,0.5517,-0.3768,2.1019,1,landed
241,33,-1.0339,5.5109,0.5557,-0.0406,0.8465,0,collision
242,75,4.7783,15.4524,0.5618,-0.1263,1.2624,1,collision
243,24,-0.8625,5.5842,0.5666,-0.0700,0.2486,0,collision
244,20,-0.9408,5.2550,0.5676,-0.2037,0.2754,0,collision
245,58,4.6696,14.1022,0.5707,-0.2672,0.7839,1,collision
246,42,3.8884,9.9463,0.5747,0.0203,1.8032,1,collision
247,61,5.0334,15.4648,0.5788,0.0864,1.8901,1,collision
248,49,4.5738,13.3988,0.5812,-0.4177,1.7848,1,landed
249,20,-0.9915,5.5396,0.5837,-0.3374,0.3999,0,collision
250,58,4.7133,14.1517,0.5866,0.0879,1.5907,1,collision
251,84,12.8968,25.6717,0.5905,-0.0954,3.5577,2,collision
252,16,-0.9208,5.2679,0.5936,-0.2076,0.4035,0,collision
253,26,-1.1477,4.6183,0.5958,0.0305,0.3017,0,collision
254,23,-0.9799,5.2634,0.5968,-0.0208,0.2894,0,collision
255,56,4.7100,14.0734,0.5987,0.1841,1.6065,1,collision
256,34,3.6286,8.5926,0.5998,-0.9196,2.5065,1,collision
257,19,-0.9184,5.2752,0.6030,0.3731,0.3312,0,collision
258,57,4.8279,14.6136,0.6052,-0.2028,1.5106,1,collision
259,47,4.6699,14.4040,0.6083,-0.2850,1.8563,1,collision
260,17,-0.9301,5.2512,0.6115,-0.2903,0.4115,0,collision
261,24,-0.8930,5.4987,0.6136,-0.0224,0.3466,0,collision
262,26,-0.7825,6.1546,0.6155,-0.1490,0.3230,0,collision
263,17,-0.9277,5.2624,0.6173,0.0536,0.4341,0,collision
264,21,-0.9220,5.2626,0.6189,0.0655,0.3991,0,collision
265,22,-0.7937,6.0907,0.6202,-0.1111,0.3473,0,collision
266,21,-1.0902,5.2601,0.6214,-0.2290,0.4071,0,collision
267,64,11.5379,18.7449,0.6236,-0.1539,2.6156,2,landed
268,16,-0.9267,5.5607,0.6262,0.1352,0.4448,0,collision
269,18,-0.9328,5.3436,0.6277,-0.3666,0.4200,0,collision
270,28,-1.1006,5.5012,0.6294,0.1235,0.2718,0,collision
271,52,4.6848,14.0242,0.6312,-0.2795,1.7180,1,collision
272,18,-0.9892,5.2597,0.6341,0.2726,0.3967,0,collision
273,35,3.9670,10.0127,0.6354,0.0542,2.3768,1,landed
274,20,-1.0283,5.2842,0.6370,0.1633,0.3950,0,collision
275,31,-0.6942,6.8128,0.6377,-0.1171,0.3175,0,collision
276,46,4.7257,14.2613,0.6386,-0.1836,2.0722,1,collision
277,15,-0.9307,5.2618,0.6400,-0.2484,0.4582,0,collision
278,14,-0.9661,5.2589,0.6414,-0.3249,0.5106,0,collision
279,16,-0.9213,5.2666,0.6426,-0.0226,0.4540,0,collision
280,19,-0.9172,5.5124,0.6444,0.1936,0.3931,0,collision
281,50,4.8527,14.6778,0.6460,-0.2291,1.9231,1,landed
282,14,-0.9382,5.2703,0.6485,-0.3010,0.4586,0,collision
283,45,4.7988,14.4437,0.6505,-0.1065,2.0758,1,collision
284,27,-1.1170,5.2595,0.6532,-0.0505,0.3310,0,collision
285,52,5.1071,15.7635,0.6553,0.0995,2.0638,1,landed
286,19,-1.0949,4.5194,0.6570,0.2017,0.3869,0,collision
287,31,3.9429,10.0147,0.6576,-0.1202,3.2521,1,landed
288,15,-0.9613,5.2545,0.6585,-0.3072,0.4950,0,collision
289,23,-0.9223,5.2781,0.6594,0.1757,0.3614,0,collision
290,20,-0.9542,5.5097,0.6601,-0.2455,0.5053,0,collision
291,14,-0.9311,5.2647,0.6608,-0.0853,0.5127,0,collision
292,20,-0.9528,5.2521,0.6614,-0.1217,0.4511,0,collision
293,20,-0.9088,5.2629,0.6623,0.2370,0.4015,0,collision
294,30,4.0068,10.0130,0.6625,0.2557,3.4072,1,landed
295,20,-1.0319,5.2654,0.6627,0.5027,0.3461,0,collision
296,17,-0.8343,5.9580,0.6622,-0.1572,0.4259,0,collision
297,27,-1.2107,4.4527,0.6617,-0.3424,0.3613,0,collision
298,21,-0.8208,5.9092,0.6613,-0.0298,0.3771,0,collision
299,33,3.5143,8.3009,0.6583,-0.1470,2.8052,1,collision
300,22,-0.7633,6.1853,0.6604,-0.2492,0.3808,0,collision
301,34,3.8970,10.0141,0.6605,-0.0794,2.8001,1,landed
302,23,-0.9604,5.2587,0.6630,-0.0592,0.3381,0,collision
303,43,4.4248,12.6581,0.6667,-0.0406,2.1484,1,collision
304,22,-0.9418,5.2453,0.6643,0.0027,0.3897,0,collision
305,53,4.6716,14.0287,0.6662,0.0406,1.9800,1,collision
306,18,-0.8556,5.9434,0.6692,-0.2916,0.4258,0,collision
307,29,3.8773,10.0155,0.6698,-0.1318,3.3817,1,landed
308,48,4.6268,14.0519,0.6692,-0.2756,1.9211,1,collision
309,19,-1.1062,4.4636,0.6698,-0.1785,0.4624,0,landed
310,43,4.7038,14.0150,0.6723,0.2285,2.0720,1,collision
311,17,-0.9648,5.2565,0.6739,-0.0380,0.4598,0,collision
312,19,-0.9135,5.2695,0.6722,0.3112,0.4088,0,collision
313,59,11.4381,18.0854,0.6744,0.1827,4.6578,2,landed
314,15,-0.9353,5.2561,0.6731,-0.3016,0.5023,0,collision
315,15,-0.9615,5.3044,0.6734,-0.2375,0.5385,0,collision
316,19,-0.9249,5.2607,0.6706,0.0975,0.4026,0,collision
317,17,-0.9681,5.2565,0.6742,-0.1053,0.4606,0,collision
318,16,-0.9318,5.2707,0.6745,-0.0759,0.4774,0,collision
319,14,-0.9352,5.2671,0.6693,-0.0422,0.5309,0,collision
320,18,-0.9701,5.4860,0.6713,-0.4774,0.4696,0,collision
321,21,-0.9410,5.4126,0.6726,0.0527,0.3983,0,collision
322,18,-0.9702,5.5212,0.6722,0.2336,0.4441,0,collision
323,23,-0.8059,6.0494,0.6695,-0.0934,0.3728,0,collision
324,14,-0.9332,5.2750,0.6688,0.0471,0.5003,0,collision
325,18,-0.9165,5.2472,0.6665,0.0985,0.4334,0,collision
326,15,-0.9660,5.2626,0.6668,-0.1327,0.4905,0,collision
327,19,-0.9710,5.2593,0.6640,0.3800,0.3766,0,collision
328,25,-0.9131,5.2653,0.6627,0.3852,0.3257,0,collision
329,18,-0.8934,5.5674,0.6663,0.0872,0.4269,0,collision
330,17,-0.9206,5.2580,0.6606,-0.2600,0.4257,0,collision
331,21,-1.0179,5.2543,0.6596,-0.3789,0.3955,0,collision
332,38,4.3818,12.0908,0.6507,-0.0796,2.4748,1,collision
333,69,12.6854,24.2736,0.6563,-0.2688,4.3111,2,collision
334,21,-0.9340,5.2568,0.6605,0.1142,0.3403,0,collision
335,43,4.7074,14.0447,0.6595,0.1239,2.3888,1,collision
336,21,-1.0369,5.2673,0.6646,0.3079,0.3527,0,collision
337,17,-0.9620,5.2475,0.6642,-0.3323,0.4806,0,collision
338,36,3.9335,10.0126,0.6570,-0.2537,2.5361,1,landed
339,18,-0.9357,5.2653,0.6628,0.3967,0.3830,0,collision
340,48,4.7902,14.2545,0.6622,0.0133,2.0884,1,collision
341,42,3.9140,10.8310,0.6528,-0.5520,2.3963,1,landed
342,22,-0.9494,5.7986,0.6570,-0.1518,0.4334,0,collision
343,20,-0.9363,5.2552,0.6600,-0.4466,0.4583,0,collision
344,19,-0.9820,5.2561,0.6626,-0.1486,0.4820,0,collision
345,60,11.2837,17.5155,0.6622,-0.1290,3.9926,2,collision
346,20,-0.9585,5.2532,0.6758,-0.0481,0.4202,0,collision
347,17,-0.9308,5.2564,0.6758,-0.2032,0.4414,0,collision
348,39,4.6696,14.0919,0.6712,0.1501,2.4502,1,collision
349,18,-0.8776,5.6482,0.6734,0.0914,0.4538,0,collision
350,19,-0.9140,5.5925,0.6698,0.1610,0.4297,0,collision
351,19,-0.9116,5.5054,0.6682,0.3558,0.4236,0,collision
352,18,-0.9638,5.2610,0.6681,-0.1327,0.4700,0,collision
353,46,4.6792,14.0155,0.6636,-0.2355,2.1479,1,collision
354,18,-0.9396,5.2759,0.6684,0.4119,0.4061,0,collision
355,46,3.8762,10.0081,0.6652,-0.0614,1.7890,1,landed
356,49,4.7354,14.2094,0.6663,0.1280,1.9587,1,collision
357,19,-0.9294,5.3590,0.6582,-0.0125,0.4618,0,collision
358,29,3.4155,7.6697,0.6608,0.1961,1.9922,1,collision
359,16,-0.9281,5.2607,0.6628,0.0149,0.5294,0,collision
360,14,-0.9615,5.2585,0.6595,-0.3867,0.5647,0,collision
361,15,-0.9178,5.2619,0.6580,0.0063,0.5542,0,collision
362,48,4.7314,14.2964,0.6567,-0.0514,2.1499,1,collision
363,18,-0.9237,5.2662,0.6573,0.0358,0.5156,0,collision
364,39,4.6692,14.0962,0.6549,-0.0782,2.5000,1,collision
365,17,-0.9357,5.4796,0.6595,-0.2568,0.5328,0,collision
366,34,3.9369,10.0140,0.6605,-0.5649,2.9123,1,landed
367,51,5.0671,15.6470,0.6649,-0.3306,1.9245,1,collision
368,56,4.7248,14.0332,0.6669,0.0539,1.6231,1,collision
369,27,3.9560,10.0212,0.6718,-0.0005,3.4371,1,landed
370,76,12.6606,24.2716,0.6741,-0.2663,3.7128,2,collision
371,42,4.6273,14.0291,0.6795,-0.1516,2.0820,1,collision
372,20,-0.9802,5.2552,0.6827,0.0383,0.5387,0,collision
373,49,4.7149,13.8462,0.6847,0.1864,1.8134,1,collision
374,20,-0.9373,5.6050,0.6875,-0.0218,0.5526,0,collision
375,19,-0.7339,6.3276,0.6864,-0.3092,0.5882,0,collision
376,16,-0.9330,5.2644,0.6885,-0.1125,0.5754,0,collision
377,50,4.7414,14.2585,0.6876,-0.2918,1.8742,1,landed
378,37,4.7731,14.4479,0.6914,-0.0205,2.5972,1,collision
379,23,-0.9285,5.6567,0.6937,-0.3825,0.5063,0,collision
380,15,-0.9421,5.2700,0.6965,-0.1033,5.1479,0,collision
381,20,-0.9970,5.2704,0.7002,0.5205,0.4817,0,collision
382,18,-0.9132,5.2668,0.6982,0.0096,0.6282,0,collision
383,14,-0.9331,5.5421,0.6995,0.1622,0.6969,0,collision
384,19,-0.9966,5.2583,0.7020,0.1499,0.5128,0,collision
385,18,-0.9185,5.2601,0.7018,0.2651,0.5405,0,collision
386,24,-0.9341,5.2635,0.6997,-0.3396,0.5349,0,collision
387,48,4.6629,14.0014,0.6959,-0.0160,2.3034,1,collision
388,39,4.7313,14.0492,0.6948,0.2074,2.7581,1,collision
389,20,-0.9077,5.2664,0.6948,0.3495,0.5149,0,collision
390,42,4.6878,13.9947,0.6926,-0.1918,2.3169,1,collision
391,17,-0.9536,5.2664,0.6933,0.0132,0.6074,0,collision
392,40,4.2123,12.0005,0.6926,-0.0169,2.4536,1,collision
393,83,12.6146,24.2549,0.6927,-0.0427,3.6205,2,collision
394,20,-0.9115,5.4619,0.6926,-0.5133,0.6077,0,collision
395,21,-0.9804,5.2666,0.6944,0.1122,0.5872,0,collision
396,27,3.3931,7.1962,0.6869,0.0177,1.6204,1,collision
397,46,4.7231,14.2504,0.6809,0.3647,2.1400,1,collision
398,16,-0.9833,5.2744,0.6874,0.4132,0.6215,0,collision
399,15,-0.9180,5.2484,0.6776,-0.3055,0.7049,0,collision
400,18,-0.9397,5.2786,0.6681,0.4377,0.5401,0,collision
401,47,4.3470,12.7744,0.6512,-0.3995,1.9606,1,collision
402,19,-0.9241,5.2689,0.6472,-0.0095,0.5626,0,collision
403,45,4.6746,14.2400,0.6384,0.1589,2.3205,1,collision
404,15,-0.9400,5.2670,0.6730,0.0608,0.7193,0,collision
405,17,-0.8367,5.8259,0.6726,-0.3404,0.6768,0,collision
406,42,4.6275,14.0195,0.6699,-0.0291,2.3923,1,collision
407,19,-0.9266,5.2601,0.6749,-0.0929,0.6478,0,collision
408,19,-0.9216,5.2438,0.6794,0.2724,0.5766,0,collision
409,35,3.7262,10.0161,0.6831,0.2707,2.9874,1,landed
410,20,-0.9861,5.2674,0.6788,0.1449,0.5721,0,collision
411,23,-0.9631,5.2819,0.6698,-0.0027,0.5450,0,collision
412,84,12.7135,24.2575,0.6694,-0.0783,3.4064,2,collision
413,16,-0.9266,5.2586,0.6719,-0.3285,0.6743,0,collision
414,19,-0.9944,5.2743,0.6765,0.0981,0.5876,0,collision
415,22,-0.9405,5.2847,0.6729,0.0286,0.5653,0,collision
416,21,-0.9156,5.5010,0.6738,0.0205,0.5858,0,collision
417,43,4.7200,14.1459,0.6576,-0.3246,2.3717,1,collision
418,17,-0.9246,5.4174,0.6754,-0.3509,0.6888,0,collision
419,16,-0.9074,5.3312,0.6763,-0.0112,0.6579,0,collision
420,39,4.7729,14.3875,0.6756,0.0700,2.7076,1,collision
421,17,-0.9663,5.2890,0.6707,0.0552,0.6240,0,collision
422,27,3.9240,10.0108,0.6805,-0.0531,3.4721,1,landed
423,17,-0.9384,5.2507,0.6720,-0.1863,0.6680,0,collision
424,20,-0.9254,5.6146,0.6718,-0.0576,0.5955,0,collision
425,29,-0.8091,6.6266,0.6630,0.0374,0.4253,0,collision
426,17,-0.9166,5.3633,0.6737,0.1453,0.6108,0,collision
427,44,3.8399,9.7454,0.6589,-0.4967,1.2035,1,collision
428,18,-0.9174,5.5218,0.6642,-0.0207,0.6126,0,collision
429,38,4.2639,11.7846,0.6627,-0.2177,2.7619,1,collision
430,43,4.5879,14.0057,0.6823,0.0821,2.2951,1,collision
431,16,-0.9328,5.5309,0.6968,0.3837,0.6062,0,collision
432,15,-0.9312,5.5648,0.6944,0.1482,0.6572,0,collision
433,23,-0.9957,5.2531,0.6804,-0.2870,0.5534,0,collision
434,15,-0.9314,5.2614,0.6868,-0.4361,0.6942,0,collision
435,16,-0.9531,5.2845,0.6874,-0.7390,0.6860,0,collision
436,15,-0.9298,5.2634,0.6877,-0.5378,0.6658,0,collision
437,29,-1.0771,5.2583,0.6960,-0.2814,0.4294,0,collision
438,25,-0.9594,5.2515,0.7049,0.0510,0.4739,0,collision
439,49,4.7584,14.2523,0.7011,0.0288,2.2251,1,collision
440,16,-0.9283,5.2496,0.7108,0.3542,0.5511,0,collision
441,40,4.7193,14.0696,0.7064,-0.0262,2.5323,1,collision
442,17,-1.0156,5.2539,0.7073,-0.1122,0.5680,0,collision
443,30,3.9354,10.0145,0.7160,0.1612,3.3990,1,landed
444,20,-0.9532,5.2552,0.7132,-0.2363,0.5496,0,collision
445,19,-0.8656,5.5569,0.7101,-0.1490,0.5520,0,collision
446,73,12.6687,23.9966,0.6909,-0.1597,4.0951,2,collision
447,21,-0.9468,5.2609,0.7218,0.3408,0.4658,0,collision
448,24,-0.7291,6.3458,0.7154,-0.5474,0.5427,0,collision
449,14,-0.9305,5.2693,0.7211,-0.0877,0.7090,0,collision
450,43,4.7479,14.0508,0.7120,-0.1913,2.3792,1,collision
451,16,-0.9315,5.5041,0.7262,-0.2508,0.6232,0,collision
452,55,11.9509,20.7819,0.7186,-0.2665,6.2100,2,landed
453,15,-0.9318,5.2596,0.7179,0.2352,0.6179,0,collision
454,13,-0.9389,5.2479,0.7198,-0.3765,0.6991,0,collision
455,17,-0.9659,5.2550,0.7239,-0.5117,0.7480,0,collision
456,79,12.6250,24.2592,0.7250,-0.0039,3.7489,2,collision
457,28,3.9228,10.0106,0.7322,0.0355,3.3047,1,landed
458,14,-0.9665,5.2499,0.7239,-0.7218,0.7416,0,collision
459,18,-0.9411,5.2670,0.7343,0.3449,0.6093,0,collision
460,17,-0.9219,5.4890,0.7314,0.2248,0.6265,0,collision
461,16,-0.9295,5.5559,0.7347,0.2640,0.6775,0,collision
462,19,-0.7239,6.3716,0.7327,-0.2395,0.6323,0,collision
463,29,3.6943,8.8300,0.7310,-0.2073,2.9424,1,collision
464,17,-0.9279,5.5499,0.7311,0.3160,0.6389,0,collision
465,29,3.9569,10.0085,0.7298,-0.1394,3.2437,1,landed
466,22,-0.9996,5.5307,0.7259,0.4021,0.4985,0,collision
467,16,-0.9465,5.2566,0.7179,0.3751,0.6096,0,collision
468,18,-1.3933,3.3007,0.7207,-0.3788,0.7161,0,collision
469,18,-0.9205,5.2688,0.7136,0.0637,0.6316,0,collision
470,68,12.6470,24.2554,0.7176,-0.0530,4.3621,2,collision
471,45,4.1877,11.7051,0.7392,0.1066,2.0010,1,collision
472,14,-0.9332,5.2705,0.7347,-0.3938,0.7036,0,collision
473,47,4.6604,14.0067,0.7397,-0.1428,1.9578,1,collision
474,14,-0.9358,5.2642,0.7377,0.1746,0.6947,0,collision
475,19,-0.9314,5.2486,0.7493,0.0548,0.6559,0,collision
476,17,-0.9103,5.3178,0.7493,-0.1759,0.6612,0,collision
477,43,4.7060,14.2418,0.7477,0.0807,2.1353,1,collision
478,20,-0.9828,5.2731,0.7508,0.1769,0.6071,0,collision
479,18,-0.8374,5.6152,0.7546,-0.0198,0.6087,0,collision
480,30,3.8560,10.0136,0.7511,0.0061,3.0381,1,landed
481,14,-0.9349,5.3909,0.7410,-0.4642,0.7591,0,collision
482,41,4.7686,14.3066,0.7461,-0.5507,2.4719,1,landed
483,15,-0.9055,5.3280,0.7433,-0.5228,0.6876,0,collision
484,14,-0.9229,5.4925,0.7461,-0.1334,0.7519,0,collision
485,15,-0.9174,5.2584,0.7340,-0.2696,0.6579,0,collision
486,19,-0.9277,5.2636,0.7355,-0.4329,0.5937,0,collision
487,14,-0.9385,5.2668,0.7569,0.1529,0.7440,0,collision
488,16,-0.9353,5.2630,0.7510,0.3642,0.5861,0,collision
489,16,-0.9385,5.2609,0.7451,0.3177,0.5738,0,collision
490,11,-2.5600,0.0000,0.7494,-0.1821,1.8379,0,out
491,16,-0.9663,5.2553,0.7225,-0.4610,0.6285,0,collision
492,19,-0.8960,5.5056,0.7061,-0.0739,0.5643,0,collision
493,44,4.2779,12.1294,0.7118,-0.3356,2.2656,1,collision
494,16,-0.9596,5.2511,0.6818,-0.1859,0.5631,0,collision
495,30,3.9106,10.0116,0.7108,0.0432,3.4219,1,landed
496,39,4.6714,14.0081,0.7051,-0.2053,2.5693,1,collision
497,15,-0.9367,5.2649,0.7151,-0.0219,0.6224,0,collision
498,14,-0.9232,5.2606,0.7197,-0.1676,0.6451,0,collision
499,17,-0.9332,5.2704,0.7247,0.2290,0.4973,0,collision
500,41,4.7082,14.0213,0.7435,-0.2514,2.5197,1,collision
501,15,-1.0010,5.2585,0.7311,-0.2033,0.5342,0,collision
502,15,-0.9216,5.2587,0.7243,0.2472,0.5315,0,collision
503,71,12.6658,24.3837,0.7313,-0.4438,4.0749,2,collision
504,45,4.8217,14.4168,0.7695,0.4235,2.0372,1,collision
505,15,-0.9673,5.2606,0.7802,-0.0562,0.6628,0,collision
506,18,-0.9259,5.2510,0.7627,-0.2144,0.5438,0,collision
507,15,-0.9685,5.2490,0.7825,-0.0244,0.6568,0,collision
508,16,-0.8392,5.7895,0.7959,-0.1727,0.6066,0,collision
509,15,-0.9313,5.2611,0.7881,-0.2845,0.6372,0,collision
510,27,3.9975,10.5019,0.7896,-0.3226,3.5588,1,landed
511,14,-0.9187,5.2582,0.7759,-0.5338,0.6521,0,collision
512,17,-0.9345,5.2634,0.7813,-0.3166,0.5970,0,collision
513,17,-0.9260,5.5788,0.7956,0.0215,0.6232,0,collision
514,13,-0.9383,5.2657,0.7869,-0.5638,0.6685,0,collision
515,14,-0.9310,5.2587,0.7861,-0.1409,0.6478,0,collision
516,30,3.9424,10.0111,0.8014,0.2262,3.1824,1,landed
517,18,-0.9689,5.2606,0.7946,0.1596,0.5314,0,collision
518,15,-0.9284,5.2724,0.7937,0.1548,0.5779,0,collision
519,15,-0.9178,5.4431,0.7960,0.0302,0.6425,0,collision
520,15,-0.9754,5.2609,0.7900,-0.4121,0.5828,0,collision
521,37,4.6843,14.0155,0.7933,0.0709,2.6475,1,collision
522,15,-0.9188,5.2595,0.7897,-0.0518,0.5748,0,collision
523,16,-0.9271,5.2600,0.7959,0.2651,0.5353,0,collision
524,14,-0.9062,5.3239,0.7936,-0.2258,0.6218,0,collision
525,17,-1.0062,5.2727,0.7875,0.3418,0.4843,0,collision
526,18,-0.9081,5.4787,0.7952,-0.3715,0.5428,0,collision
527,17,-1.0369,5.2612,0.7904,-0.3333,0.6061,0,collision
528,21,-0.9444,5.2611,0.7879,0.2066,0.4690,0,collision
529,14,-0.9382,5.2632,0.7847,0.2422,0.5380,0,collision
530,17,-0.9375,5.2678,0.7790,-0.1976,0.4698,0,collision
531,13,-0.9686,5.2552,0.7810,-0.7210,0.5823,0,collision
532,16,-0.9218,5.2719,0.7868,0.1086,0.5398,0,collision
533,24,3.8573,10.0185,0.7907,0.0680,3.8867,1,landed
534,68,12.2922,22.9284,0.7757,-0.3916,4.3729,2,collision
535,44,4.7058,14.0063,0.8007,0.1824,2.0721,1,collision
536,30,3.9235,10.0126,0.8141,-0.1065,3.2050,1,landed
537,16,-0.9461,5.2716,0.7986,0.0505,0.5069,0,collision
538,60,12.6516,24.2580,0.8103,-0.0181,5.9167,2,collision
539,15,-0.9496,5.2547,0.7947,-0.5173,0.5547,0,collision
540,17,-1.0144,5.2655,0.7966,-0.5384,0.5249,0,collision
541,18,-0.9646,5.2594,0.8120,0.1347,0.5585,0,collision
542,15,-0.8379,5.6250,0.8162,0.0372,0.6125,0,collision
543,16,-0.9308,5.5838,0.8165,0.3216,0.5800,0,collision
544,18,-0.9721,5.2917,0.8107,-0.1796,0.5861,0,collision
545,42,4.6901,14.0257,0.8047,0.1815,2.3342,1,collision
546,16,-0.9365,5.2652,0.8015,0.2821,0.5339,0,collision
547,63,12.2334,21.9949,0.8105,-0.0706,5.3617,2,collision
548,19,-0.9329,5.2678,0.7933,0.2330,0.4699,0,collision
549,17,-0.9783,5.2611,0.8042,-0.0729,0.6287,0,collision
550,14,-0.9377,5.2727,0.7869,0.1444,0.5784,0,collision
551,39,4.7169,14.1056,0.7941,0.1310,2.5843,1,collision
552,16,-0.9405,5.2577,0.7629,-0.3370,0.5700,0,collision
553,30,3.8961,10.0153,0.7924,0.2970,3.0344,1,landed
554,19,-0.8358,5.8765,0.7870,-0.0286,0.5382,0,collision
555,18,-0.9543,5.2527,0.7281,-0.5969,0.5491,0,collision
556,19,-1.0498,5.2489,0.7561,0.2946,0.5082,0,collision
557,19,-0.9228,5.4205,0.7568,0.2925,0.5081,0,collision
558,17,-0.9312,5.5299,0.7392,0.2514,0.5706,0,collision
559,52,11.5284,18.3619,0.7125,0.0021,5.6069,2,collision
560,14,-0.9333,5.2687,0.6943,-0.2316,0.5707,0,collision
561,17,-0.9226,5.2686,0.7032,-0.1245,0.5951,0,collision
562,30,3.9313,10.0101,0.7555,-0.3465,3.2774,1,landed
563,70,12.5911,24.2627,0.7592,-0.3911,4.0666,2,collision
564,16,-0.9590,5.2547,0.7775,-0.5782,0.6722,0,collision
565,19,-0.9405,5.5291,0.7994,0.4638,0.5973,0,collision
566,16,-0.9833,5.2630,0.7905,0.0713,0.6852,0,collision
567,48,5.0684,15.8928,0.7868,-0.4182,1.9254,1,landed
568,16,-0.9547,5.2476,0.7880,-0.5696,0.6545,0,collision
569,18,-0.9018,5.8853,0.8063,0.4118,0.6186,0,collision
570,16,-0.9684,5.2570,0.7956,-0.4912,0.7711,0,collision
571,15,-0.9224,5.2482,0.8037,-0.0189,0.7884,0,collision
572,14,-0.9789,5.2606,0.8029,-0.2023,0.7223,0,collision
573,46,4.6801,14.0154,0.8157,-0.3074,2.0466,1,collision
574,14,-0.9338,5.2593,0.8089,0.0855,0.6793,0,collision
575,15,-0.9228,5.2619,0.8059,-0.0174,0.7192,0,collision
576,14,-0.9227,5.4992,0.8212,-0.1548,0.7498,0,collision
577,14,-0.9313,5.2587,0.8098,-0.1567,0.6886,0,collision
578,15,-0.9385,5.2598,0.8140,0.0686,0.6077,0,collision
579,15,-0.8377,5.6246,0.8259,0.1144,0.6713,0,collision
580,15,-0.9009,5.5656,0.8189,-0.4110,0.7030,0,collision
581,17,-0.9769,5.6119,0.8270,0.1744,0.6166,0,collision
582,16,-0.9258,5.2699,0.8118,0.1340,0.5659,0,collision
583,37,4.8019,14.4552,0.8167,0.4541,2.7560,1,collision
584,29,3.8858,10.0107,0.8259,-0.1596,3.2267,1,landed
585,14,-0.9331,5.5690,0.8278,0.2215,0.6596,0,collision
586,18,-0.9022,5.4832,0.8144,-0.1211,0.5442,0,collision
587,39,4.7318,14.0488,0.8110,-0.0487,2.5055,1,collision
588,71,12.6107,24.2534,0.8091,-0.0562,4.0840,2,collision
589,13,-0.9382,5.2644,0.8047,-0.3877,0.6064,0,collision
590,20,-0.9430,5.2572,0.8148,-0.4069,0.5214,0,collision
591,17,-0.9232,5.2729,0.8148,-0.3373,0.5724,0,collision
592,38,4.7022,14.0670,0.8189,-0.1742,2.7151,1,collision
593,37,4.8008,14.1733,0.8129,0.3920,2.7499,1,collision
594,15,-0.9809,5.2485,0.8086,0.3727,0.5219,0,collision
595,15,-0.9263,5.2609,0.8041,-0.2508,0.5487,0,collision
596,16,-1.0095,5.2509,0.8080,-0.5735,0.5592,0,collision
597,15,-0.9213,5.4980,0.8138,-0.1751,0.6119,0,collision
598,15,-0.9303,5.5587,0.8200,-0.0194,0.6136,0,collision
599,16,-0.9416,5.2517,0.7938,-0.8877,0.5444,0,collision
600,16,-0.9101,5.2616,0.8079,0.1334,0.5223,0,collision
601,18,-0.9857,5.3091,0.7990,-0.6351,0.5771,0,collision
602,17,-0.9597,5.3010,0.8176,-0.0312,0.5197,0,collision
603,16,-0.9388,5.2767,0.8170,0.2085,0.5752,0,collision
604,39,4.7000,14.0235,0.7987,-0.2284,2.6540,1,collision
605,13,-0.9736,5.2635,0.7967,-0.3583,0.5384,0,collision
606,15,-1.0048,5.2636,0.8005,0.3482,0.4405,0,collision
607,14,-0.9375,5.2608,0.7965,0.1492,0.4676,0,collision
608,16,-0.8383,5.5850,0.8205,0.2079,0.5330,0,collision
609,15,-0.9202,5.5035,0.7974,-0.6532,0.5288,0,collision
610,66,12.6746,24.2552,0.7966,-0.0625,4.7355,2,collision
611,17,-0.9373,5.2675,0.7914,0.2289,0.3932,0,collision
612,22,-0.9436,5.6061,0.7917,0.1027,0.4026,0,collision
613,14,-0.9186,5.2624,0.7744,-0.2316,0.4541,0,collision
614,19,-0.9547,5.2757,0.7853,0.0956,0.3644,0,collision
615,17,-0.9315,5.2735,0.7769,0.1949,0.3519,0,collision
616,38,4.6780,14.1024,0.7782,0.2322,2.6008,1,collision
617,17,-0.9407,5.2710,0.7646,0.2733,0.3668,0,collision
618,14,-0.9653,5.2754,0.7733,-0.4328,0.5679,0,collision
619,68,12.1194,21.4227,0.7779,-0.1785,4.2728,2,landed
620,18,-0.9295,5.2553,0.8065,-0.0121,0.5898,0,collision
621,16,-0.9316,5.2498,0.7969,0.1292,0.4862,0,collision
622,14,-0.9228,5.5030,0.7866,-0.1592,0.5386,0,collision
623,19,-0.8327,5.6020,0.7944,0.2301,0.4791,0,collision
624,18,-0.9224,5.2632,0.7968,0.1145,0.5445,0,collision
625,16,-0.9276,5.2669,0.7635,0.3598,0.3568,0,collision
626,20,-0.9228,5.4757,0.7645,-0.2670,0.4631,0,collision
627,20,-1.0261,5.2580,0.7575,0.1620,0.4184,0,collision
628,21,-0.9413,5.2477,0.7565,-0.1941,0.5223,0,collision
629,20,-0.8778,5.6364,0.7496,-0.4973,0.5467,0,collision
630,18,-0.9773,5.2607,0.6919,-0.0614,0.4173,0,collision
631,14,-0.9418,5.2695,0.6910,0.1790,0.3948,0,collision
632,40,4.4593,12.4626,0.7171,-0.3263,2.4464,1,landed
633,47,4.8425,14.3504,0.6969,-0.0450,2.0499,1,collision
634,21,-0.9144,5.2508,0.7197,0.3242,0.4235,0,collision
635,17,-0.8741,5.5526,0.7583,-0.4455,0.5575,0,collision
636,18,-0.9878,5.2563,0.6990,-0.0348,0.4304,0,collision
637,69,12.6501,24.2563,0.7210,-0.2536,4.0643,2,collision
638,21,-0.9677,5.2576,0.7419,-0.0903,0.4298,0,collision
639,39,4.7862,14.4819,0.7798,-0.1274,2.6589,1,collision
640,13,-0.9386,5.2624,0.7397,-0.0921,0.4969,0,collision
641,38,4.6696,14.0433,0.7561,0.4685,2.4123,1,collision
642,18,-0.9318,5.2716,0.7495,0.1246,0.3884,0,collision
643,15,-0.9337,5.2678,0.7672,0.0193,0.6539,0,collision
644,16,-0.9280,5.5198,0.7581,-0.0035,0.6231,0,collision
645,15,-0.9356,5.2664,0.7320,-0.0735,0.4279,0,collision
646,16,-0.9144,5.2567,0.7246,-0.0274,0.4589,0,collision
647,14,-0.9308,5.2486,0.7064,-0.5518,0.4300,0,collision
648,17,-0.9258,5.2577,0.7527,-0.0317,0.5709,0,collision
649,15,-0.9368,5.2588,0.7161,-0.1364,0.4185,0,collision
650,17,-0.9221,5.2592,0.6710,-0.2617,0.3475,0,collision
651,14,-0.9723,5.2597,0.7094,-0.2552,0.5730,0,collision
652,17,-0.9052,5.5544,0.7355,-0.2669,0.5419,0,collision
653,22,-0.9402,5.2562,0.6803,-0.1950,0.3172,0,collision
654,18,-0.9545,5.2600,0.6776,-0.0304,0.4197,0,collision
655,18,-0.8808,5.6590,0.7040,0.1635,0.4646,0,collision
656,18,-0.9213,5.2631,0.6783,0.0654,0.4107,0,collision
657,17,-0.8956,5.5375,0.7086,0.1814,0.4772,0,collision
658,16,-0.9572,5.2441,0.6680,-0.4674,0.4723,0,collision
659,46,4.7528,13.9581,0.7246,-0.1651,2.3316,1,collision
660,20,-0.9995,5.2703,0.6873,0.4359,0.3476,0,collision
661,46,4.8581,14.8804,0.7060,-0.1248,2.3844,1,collision
662,14,-0.9436,5.2769,0.6724,0.0065,0.3167,0,collision
663,17,-0.9113,5.2664,0.6852,-0.0991,0.4088,0,collision
664,14,-0.9333,5.2696,0.7233,-0.2960,0.5067,0,collision
665,17,-0.9281,5.2721,0.7316,0.2601,0.4749,0,collision
666,14,-0.9659,5.2488,0.6779,-0.5934,0.3267,0,collision
667,32,3.7780,10.0047,0.7355,-0.1313,1.5942,1,landed
668,41,4.6956,14.0001,0.7079,0.0461,2.2968,1,collision
669,15,-0.9404,5.2544,0.6950,-0.4279,0.3702,0,collision
670,16,-0.9380,5.2478,0.6964,-0.2236,0.2845,0,collision
671,17,-0.8987,5.5553,0.7486,-0.2099,0.5196,0,collision
672,37,4.7652,14.1668,0.7458,-0.3077,2.5283,1,collision
673,14,-0.9727,5.2470,0.7181,-0.1893,0.3713,0,collision
674,87,12.6893,24.3212,0.7648,-0.1402,3.3389,2,collision
675,17,-0.9622,5.2590,0.7667,0.0201,0.5212,0,collision
676,19,-0.9135,5.5985,0.7513,0.0158,0.4418,0,collision
677,70,12.6640,24.0635,0.7578,0.0054,3.7677,2,collision
678,13,-0.9383,5.2612,0.7337,-0.3711,0.4195,0,collision
679,44,4.6661,14.0124,0.7594,0.0331,2.0505,1,collision
680,14,-0.9284,5.2622,0.7296,-0.5048,0.4046,0,collision
681,15,-0.9355,5.2616,0.7383,-0.2747,0.3851,0,collision
682,17,-0.9760,5.2476,0.7843,-0.3223,0.6906,0,collision
683,26,3.9240,10.0157,0.7983,-0.0080,3.4331,1,landed
684,16,-1.0011,5.2542,0.7390,-0.1622,0.3612,0,collision
685,27,3.8586,10.0205,0.7963,0.0457,3.0682,1,landed
686,20,-0.9885,5.2653,0.7616,0.3753,0.3578,0,collision
687,14,-0.9753,5.2589,0.7493,-0.3651,0.4327,0,collision
688,17,-0.8933,5.5361,0.7865,-0.5027,0.6099,0,collision
689,14,-0.9833,5.2627,0.7480,-0.1377,0.3836,0,collision
690,17,-0.9229,5.2531,0.7915,0.0400,0.6305,0,collision
691,15,-0.9453,5.2686,0.7415,0.1241,0.3471,0,collision
692,42,4.6716,14.0231,0.7558,-0.2831,1.9520,1,collision
693,15,-0.9836,5.2448,0.7558,-0.2841,0.5223,0,collision
694,18,-0.9507,5.2641,0.7713,0.3968,0.5002,0,collision
695,14,-0.9306,5.5559,0.7415,-0.0222,0.4822,0,collision
696,66,12.7382,24.3150,0.7568,0.0806,4.5881,2,collision
697,14,-0.9314,5.5673,0.7481,-0.0241,0.4797,0,collision
698,13,-0.9383,5.2764,0.7190,-0.1116,0.3060,0,collision
699,31,3.7821,10.0142,0.8004,-0.3401,3.2807,1,landed
700,40,4.7598,14.1352,0.7723,-0.1990,2.1298,1,collision
701,17,-0.9134,5.2609,0.7931,0.0284,0.6655,0,collision
702,18,-1.0302,5.2610,0.7130,-0.4126,0.3367,0,collision
703,18,-0.9749,5.2717,0.7522,0.3883,0.2648,0,collision
704,17,-0.9254,5.2626,0.7924,0.2368,0.6385,0,collision
705,27,3.9249,10.0143,0.8118,0.2424,3.2492,1,landed
706,16,-0.9169,5.2454,0.7867,-0.3369,0.5854,0,collision
707,16,-0.9747,5.2470,0.7434,-0.0216,0.3077,0,collision
708,15,-0.9311,5.5206,0.7879,0.0081,0.6615,0,collision
709,14,-0.9327,5.2684,0.7216,-0.1514,0.3089,0,collision
710,16,-0.9432,5.2736,0.7992,-0.4724,0.7285,0,collision
711,19,-0.9958,5.2646,0.7562,0.2092,0.2957,0,collision
712,16,-0.9081,5.2577,0.7075,-0.0849,0.3277,0,collision
713,15,-0.9297,5.2741,0.7474,-0.4744,0.5577,0,collision
714,17,-0.9359,5.2715,0.7507,0.3851,0.4861,0,collision
715,23,-0.8788,5.6814,0.7581,0.3541,0.4411,0,collision
716,15,-0.9269,5.5450,0.7673,-0.1143,0.5530,0,collision
717,22,-1.0090,5.2564,0.7087,0.1038,0.3432,0,collision
718,29,3.8710,10.0160,0.7618,-0.1261,3.4511,1,landed
719,21,-0.8982,5.4971,0.6987,-0.3725,0.3879,0,collision
720,45,4.8216,14.2040,0.7060,0.1059,2.1639,1,collision
721,20,-1.0827,5.2670,0.7290,-0.1114,0.5044,0,collision
722,49,5.3510,17.0711,0.7351,-0.0972,2.3702,1,collision
723,19,-0.9358,5.2699,0.7177,0.0147,0.3962,0,collision
724,17,-1.0778,5.2618,0.6686,-0.1835,0.2320,0,collision
725,25,-0.8291,6.4043,0.7657,-0.2808,0.4305,0,collision
726,15,-0.8365,5.5968,0.7401,-0.3541,0.4890,0,collision
727,15,-0.9226,5.2637,0.7198,-0.5173,0.4388,0,collision
728,66,12.3101,22.7833,0.7369,0.5551,4.5859,2,landed
729,17,-0.8364,5.6104,0.7668,0.2955,0.4632,0,collision
730,16,-1.3112,3.4252,0.7227,-0.7164,0.4724,0,landed
731,51,11.3267,17.3226,0.7873,-0.1599,5.1441,2,collision
732,14,-0.9755,5.2529,0.7164,-0.3961,0.3421,0,collision
733,16,-0.8363,5.6082,0.7852,0.1655,0.5337,0,collision
734,18,-0.9412,5.2704,0.7569,0.3357,0.4152,0,collision
735,43,4.6916,14.0118,0.7711,-0.0483,2.0596,1,collision
736,16,-0.8665,5.6130,0.7858,-0.1735,0.5514,0,collision
737,19,-0.9274,5.2618,0.7708,-0.1876,0.3627,0,collision
738,16,-0.9953,5.2485,0.7547,-0.7723,0.4339,0,collision
739,18,-0.9286,5.2584,0.7631,-0.0232,0.4355,0,collision
740,39,4.7315,14.0765,0.7710,0.1104,2.0973,1,collision
741,42,4.7207,14.0154,0.7624,-0.4165,1.9283,1,collision
742,17,-0.9066,5.4355,0.7571,-0.5857,0.3908,0,collision
743,46,4.8300,14.1733,0.7944,0.2187,2.0187,1,collision
744,18,-0.8834,5.5498,0.8041,-0.7588,0.6162,0,collision
745,37,4.7057,14.0831,0.7855,-0.1524,2.2942,1,collision
746,21,-0.9307,5.2699,0.7470,-0.3434,0.4166,0,collision
747,30,3.9259,10.0133,0.8109,0.0074,3.1585,1,landed
748,17,-0.9186,5.6040,0.8013,0.1060,0.6244,0,collision
749,18,-0.9601,5.3292,0.7971,-0.1851,0.6224,0,collision
750,16,-0.9703,5.5407,0.7959,-0.0922,0.6115,0,collision
751,64,11.8915,20.2586,0.7703,-0.0723,3.1576,2,landed
752,19,-0.9271,5.2649,0.7518,0.3468,0.3938,0,collision
753,14,-0.9542,5.2556,0.7137,-0.4936,0.2981,0,collision
754,28,3.9542,10.0126,0.8046,0.0192,3.3705,1,landed
755,28,3.8638,10.0208,0.7942,-0.3105,3.6272,1,landed
756,66,12.7150,24.3602,0.7815,-0.0066,4.5221,2,collision
757,30,3.8963,10.0097,0.7993,-0.2175,3.2275,1,landed
758,18,-0.9164,5.4408,0.7469,0.2167,0.4815,0,collision
759,29,3.8039,10.0246,0.8011,0.0497,2.8017,1,landed
760,17,-0.9143,5.2597,0.7370,-0.0325,0.4132,0,collision
761,50,4.3349,13.1182,0.7346,-0.0201,1.5153,1,landed
762,19,-0.9925,5.2696,0.7849,0.3907,0.6645,0,collision
763,14,-0.9309,5.2665,0.7557,-0.0076,0.6614,0,collision
764,17,-0.9361,5.2620,0.7561,-0.1591,0.5455,0,collision
765,16,-0.9357,5.2611,0.7528,-0.3137,0.6317,0,collision
766,15,-0.9423,5.2488,0.7402,-0.0101,0.4948,0,collision
767,70,12.7028,24.5211,0.7511,-0.0599,3.7001,2,collision
768,18,-0.9514,5.2728,0.7020,-0.1808,0.3563,0,collision
769,64,12.6764,24.2551,0.7662,0.1724,3.1835,2,collision
770,15,-0.9406,5.2660,0.7664,0.2997,0.7667,0,collision
771,15,-0.8375,5.6343,0.7757,-0.3862,0.7917,0,collision
772,15,-0.9346,5.2636,0.7560,-0.0666,0.6309,0,collision
773,42,4.7089,13.9944,0.7470,0.2772,1.8074,1,collision
774,18,-0.9207,5.6135,0.7964,0.3608,0.8215,0,collision
775,16,-0.9163,5.5320,0.7605,0.1332,0.6462,0,collision
776,42,4.6884,14.3155,0.7467,0.0630,1.9862,1,collision
777,17,-0.8396,5.6692,0.7876,0.3327,0.7577,0,collision
778,40,4.6305,14.0032,0.7364,-0.1721,1.9326,1,collision
779,15,-0.9419,5.2647,0.7443,-0.2965,0.6385,0,collision
780,15,-0.9660,5.2536,0.6941,-0.1692,0.3427,0,collision
781,18,-0.9283,5.4962,0.7494,-0.2347,0.5939,0,collision
782,64,12.6520,24.2665,0.7398,-0.1592,3.1847,2,collision
783,17,-0.9091,5.4791,0.6804,-0.0284,0.3786,0,collision
784,20,-0.9879,5.2480,0.6868,-0.1595,0.4973,0,collision
785,17,-0.9797,5.2493,0.6374,-0.5375,0.2551,0,collision
786,19,-0.9328,5.2692,0.7183,0.2485,0.5053,0,collision
787,17,-0.9247,5.5285,0.7777,0.4672,0.7097,0,collision
788,21,-0.9106,5.2634,0.6572,-0.0727,0.3075,0,collision
789,23,-0.8018,5.8888,0.7343,-0.0330,0.4640,0,collision
790,27,3.8767,10.0177,0.7620,0.0267,3.6081,1,landed
791,20,-0.9240,5.5383,0.7402,0.1606,0.5398,0,collision
792,75,12.1990,22.0581,0.6506,-0.0432,3.3929,2,collision
793,19,-1.0468,5.2510,0.7082,-0.3498,0.6212,0,collision
794,16,-0.9105,5.4614,0.7373,0.1208,0.6610,0,collision
795,21,-0.9035,5.3439,0.7376,0.4190,0.4659,0,collision
796,16,-0.9498,5.2517,0.6877,-0.1886,0.4589,0,collision
797,69,12.5103,23.2412,0.7316,-0.4897,3.9386,2,landed
798,16,-0.9262,5.5241,0.7299,0.1696,0.5791,0,collision
799,15,-0.9547,5.2499,0.6689,-0.5570,0.3921,0,collision
800,18,-0.9183,5.2619,0.7347,-0.4074,0.6743,0,collision
801,18,-0.9647,5.2594,0.6398,-0.3421,0.2803,0,collision
802,20,-1.0016,5.2634,0.7333,0.1951,0.5966,0,collision
803,16,-0.9363,5.2741,0.6866,-0.1829,0.3264,0,collision
804,28,-0.9858,5.4717,0.6940,0.2206,0.3854,0,collision
805,20,-0.9127,5.2483,0.6641,0.1610,0.3063,0,collision
806,18,-0.9185,5.4822,0.7125,-0.0835,0.4035,0,collision
807,51,4.5143,14.0054,0.7418,-0.4723,0.7597,1,collision
808,26,3.8550,10.0150,0.7449,0.1950,3.6168,1,landed
809,24,-1.0015,5.2597,0.6592,0.0138,0.1674,0,collision
810,56,11.5043,18.6308,0.7398,-0.2122,5.2628,2,collision
811,17,-0.9448,5.2851,0.6600,-0.2664,0.3773,0,collision
812,41,4.7607,14.3355,0.7239,-0.3072,2.5693,1,collision
813,20,-0.9666,5.4995,0.7225,0.2428,0.5643,0,collision
814,17,-1.0299,5.2540,0.6925,-0.2018,0.3340,0,collision
815,42,4.6205,14.3295,0.7097,0.1398,2.0464,1,collision
816,17,-0.9050,5.3278,0.7060,-0.3955,0.4785,0,collision
817,102,22.5964,34.2987,0.7271,-0.0552,5.2292,3,collision
818,33,3.9534,10.0088,0.7811,-0.0866,3.7710,1,landed
819,15,-0.9536,5.2510,0.7083,-0.3474,0.6823,0,collision
820,20,-0.9429,5.2509,0.6845,-0.2119,0.5068,0,collision
821,17,-0.9388,5.2515,0.6899,-0.3885,0.4530,0,collision
822,72,12.6301,24.2488,0.7708,-0.0130,3.3483,2,collision
823,16,-0.9323,5.2655,0.7592,0.0130,0.7852,0,collision
824,70,12.6659,24.2528,0.7667,-0.0066,3.8596,2,collision
825,18,-0.9226,5.4544,0.7415,0.1579,0.7125,0,collision
826,13,-0.9382,5.2636,0.6874,-0.2200,0.4963,0,collision
827,30,-1.0021,5.5524,0.6980,0.1735,0.3429,0,collision
828,19,-0.9513,5.2465,0.6463,-0.4200,0.2395,0,collision
829,38,4.7001,14.0087,0.7208,-0.4292,3.0186,1,collision
830,17,-0.9318,5.2528,0.6632,-0.1113,0.3573,0,collision
831,18,-0.8772,5.4865,0.7745,0.1734,0.9194,0,collision
832,19,-0.9242,5.3820,0.7676,-0.3693,1.0322,0,collision
833,23,-0.8927,5.4398,0.6752,-0.2032,0.6421,0,collision
834,17,-0.9829,5.2649,0.7167,0.3741,0.5106,0,collision
835,20,-0.9601,5.2716,0.6878,0.1386,0.4736,0,collision
836,46,4.8359,14.2997,0.7363,-0.2608,2.3459,1,landed
837,52,11.5371,18.5687,0.7338,-0.2242,5.9072,2,collision
838,57,4.6765,14.0749,0.7035,-0.2674,1.9945,1,collision
839,71,12.5280,24.2501,0.7513,-0.3960,3.8749,2,collision
840,13,-0.9384,5.2675,0.6954,-0.1126,0.4586,0,collision
841,17,-0.9322,5.2705,0.6917,0.2008,0.3326,0,collision
842,14,-0.9375,5.2485,0.7463,0.1570,0.8179,0,collision
843,38,4.7390,14.0589,0.7641,-0.5470,2.1871,1,collision
844,18,-0.9233,5.5246,0.7392,0.3230,0.8391,0,collision
845,14,-0.9302,5.2668,0.6823,-0.3178,0.4464,0,collision
846,16,-1.0055,5.0253,0.6831,-0.5806,0.3980,0,collision
847,18,-0.9424,5.4869,0.7053,0.1919,0.5417,0,collision
848,17,-0.9313,5.2679,0.7044,-0.1869,0.5036,0,collision
849,17,-0.8982,5.6124,0.7498,-0.0715,0.7774,0,collision
850,21,-1.1117,5.2729,0.7446,0.3847,0.5511,0,collision
851,17,-0.9256,5.2734,0.7046,0.1869,0.5097,0,collision
852,17,-0.9787,5.2576,0.6780,0.1010,0.2790,0,collision
853,15,-0.9331,5.2651,0.6976,0.0342,0.4260,0,collision
854,17,-0.9300,5.5346,0.7358,0.1464,0.6876,0,collision
855,16,-0.9182,5.2654,0.6497,0.1207,0.1586,0,collision
856,17,-0.9201,5.5606,0.6809,0.2690,0.4477,0,collision
857,19,-1.0378,5.2687,0.6798,0.0780,0.3977,0,collision
858,18,-0.9603,5.2775,0.6115,-0.2780,0.1768,0,collision
859,46,4.9067,14.9303,0.7407,-0.3352,2.4358,1,collision
860,17,-0.9084,5.2584,0.6795,-0.0752,0.6017,0,collision
861,41,4.7227,14.0126,0.6976,-0.5418,2.3939,1,collision
862,19,-1.0342,5.5468,0.6494,0.3954,0.3919,0,collision
863,72,12.6223,24.0888,0.7110,-0.3643,3.4402,2,collision
864,19,-0.9779,5.5892,0.6595,0.3143,0.4013,0,collision
865,28,3.8685,10.0118,0.7851,-0.3549,3.5046,1,landed
866,30,3.8597,10.0212,0.7735,0.3465,2.6952,1,landed
867,43,4.7163,14.0028,0.7557,-0.4588,1.8616,1,collision
868,26,3.8870,10.0181,0.8013,-0.0848,3.2097,1,landed
869,19,-1.0218,5.2633,0.6663,0.2635,0.4790,0,collision
870,14,-0.9381,5.2478,0.6881,-0.3375,0.6366,0,collision
871,18,-0.8553,5.8144,0.8005,-0.4117,1.0966,0,collision
872,23,3.8575,10.0218,0.8024,0.0087,3.2278,1,landed
873,21,-0.8517,5.5789,0.7283,0.4937,0.7786,0,collision
874,16,-0.9066,5.5013,0.7400,-0.4366,0.9782,0,collision
875,17,-0.9001,5.5311,0.7368,-0.3731,0.8656,0,collision
876,51,4.7293,14.0075,0.7597,-0.1890,1.7799,1,collision
877,15,-0.9295,5.2611,0.7225,0.1354,0.5813,0,collision
878,15,-0.9265,5.2512,0.6832,0.0775,0.4089,0,collision
879,46,5.0122,14.2292,0.7695,0.1977,1.8419,1,collision
880,40,4.3154,12.1770,0.7849,-0.1189,2.3699,1,collision
881,37,4.7620,14.1735,0.7711,-0.0430,2.0629,1,collision
882,27,3.8731,10.0188,0.8146,-0.1761,3.1347,1,landed
883,16,-0.9166,5.4928,0.6995,0.2867,0.5312,0,collision
884,20,-0.9682,5.5210,0.7028,0.1937,0.6224,0,collision
885,16,-0.9331,5.2613,0.6434,0.1113,0.2257,0,collision
886,68,12.6425,24.2618,0.6801,0.1481,3.6000,2,collision
887,19,-0.9274,5.5095,0.7478,0.4906,0.8355,0,collision
888,18,-1.0257,5.2628,0.6820,0.1485,0.5466,0,collision
889,17,-0.8381,5.6528,0.7430,0.4024,1.0907,0,collision
890,16,-0.9414,5.2514,0.7251,-0.7935,0.6854,0,collision
891,34,4.2258,11.6325,0.7810,-1.0857,3.6688,1,landed
892,39,4.7362,14.0391,0.7299,-0.4385,1.5795,1,collision
893,18,-0.9080,5.2636,0.6407,-0.1861,0.3198,0,collision
894,14,-0.9756,5.2650,0.6710,-0.3797,0.4189,0,collision
895,16,-0.9232,5.2651,0.6624,0.2794,0.2963,0,collision
896,17,-0.9722,5.2592,0.7324,0.1791,0.5993,0,collision
897,17,-0.8361,5.6671,0.7918,0.4148,0.9305,0,collision
898,27,3.8688,10.0159,0.7772,0.3860,3.2447,1,landed
899,36,4.7534,14.3448,0.7951,-0.0352,2.7851,1,collision
900,19,-0.9787,5.5145,0.8009,0.0744,0.9364,0,collision
901,26,-0.9914,5.2633,0.6267,0.1722,0.2495,0,collision
902,17,-0.9310,5.2567,0.6293,0.2762,0.2184,0,collision
903,69,12.6040,24.2529,0.7502,-0.1712,4.1359,2,collision
904,70,12.6821,24.3990,0.7534,0.0318,4.4626,2,collision
905,17,-0.8445,5.6152,0.7839,-0.1414,1.0318,0,collision
906,17,-0.9333,5.4869,0.7398,-0.1132,0.7921,0,collision
907,17,-0.9199,5.2539,0.7313,0.3591,0.5772,0,collision
908,18,-0.9401,5.2681,0.6940,0.2798,0.4646,0,collision
909,20,-0.9404,5.2524,0.7221,0.1756,0.4693,0,collision
910,20,-0.9526,5.3988,0.6728,0.3460,0.4272,0,collision
911,17,-1.0454,5.2625,0.6945,-0.2466,0.3818,0,collision
912,16,-0.9111,5.2497,0.8046,-0.0261,0.9752,0,collision
913,43,4.7828,14.3519,0.7650,0.1195,1.9994,1,collision
914,42,4.7471,14.1214,0.7149,0.3501,1.9103,1,collision
915,40,4.7540,14.0724,0.7409,-0.1534,1.9256,1,collision
916,15,-0.9263,5.2630,0.6866,-0.3111,0.4821,0,collision
917,34,4.2971,12.0000,0.7831,0.8584,4.0638,1,collision
918,46,4.7060,14.2442,0.7110,-0.1790,2.1060,1,collision
919,17,-0.9746,5.3562,0.6813,0.0038,0.3444,0,collision
920,77,12.4408,23.0845,0.7321,-0.2271,3.2125,2,collision
921,39,4.7461,14.0292,0.7109,-0.0875,1.5489,1,collision
922,18,-0.9295,5.2543,0.7207,0.1731,0.5524,0,collision
923,70,12.6261,24.2569,0.7740,-0.1254,3.7894,2,collision
924,29,3.8631,10.0157,0.8068,0.0259,2.6894,1,landed
925,61,12.6841,24.2633,0.7806,-0.0938,4.6799,2,collision
926,17,-0.9882,5.2706,0.7228,0.4185,0.6725,0,collision
927,16,-0.9396,5.2527,0.6424,-0.2875,0.4805,0,collision
928,25,3.8620,10.0285,0.8124,0.1519,2.9130,1,landed
929,48,5.0038,15.1343,0.7640,0.1781,2.1096,1,landed
930,17,-0.9193,5.2483,0.6799,-0.0337,0.5610,0,collision
931,17,-0.9011,5.3365,0.8076,0.2718,1.2853,0,collision
932,28,3.9746,10.0269,0.7917,0.2788,3.2651,1,landed
933,29,3.9036,10.0244,0.7930,-0.1069,3.3307,1,landed
934,18,-0.9083,5.5352,0.7634,-0.2006,1.1360,0,collision
935,45,4.7840,14.2703,0.6766,0.2835,2.4790,1,collision
936,20,-0.8356,5.9058,0.6840,-0.1138,0.9088,0,collision
937,19,-0.9807,5.2690,0.6427,0.1052,0.5480,0,collision
938,18,-1.0137,5.2451,0.7253,0.1232,0.8493,0,collision
939,18,-0.9651,5.2723,0.5902,-0.3503,0.2464,0,collision
940,19,-0.9041,5.4370,0.6008,0.3105,0.4807,0,collision
941,68,12.3105,22.8331,0.6601,-0.2396,3.8449,2,landed
942,29,3.9500,10.0176,0.6959,0.3389,3.6758,1,landed
943,17,-0.8576,5.6315,0.6911,0.0225,1.0598,0,collision
944,27,3.8053,10.0197,0.7913,-0.1184,3.2864,1,landed
945,18,-0.9367,5.4825,0.7304,0.0597,1.0765,0,collision
946,34,4.2810,11.9016,0.7700,0.0534,2.8321,1,landed
947,17,-0.8562,5.6005,0.6601,-0.5687,0.8772,0,collision
948,28,3.8728,10.0154,0.8038,-0.3478,3.2648,1,landed
949,63,12.0760,21.2639,0.7440,-0.0327,4.9245,2,collision
950,21,-0.8892,5.6353,0.7621,0.4168,1.0132,0,collision
951,37,4.7668,14.4363,0.7559,0.1035,2.9435,1,collision
952,76,12.6904,24.2548,0.7166,-0.0456,3.2792,2,collision
953,15,-0.9366,5.5330,0.7667,0.2414,1.4581,0,collision
954,100,23.5722,39.2084,0.7741,-0.2041,4.9527,3,collision
955,45,4.7770,14.0912,0.7257,-0.0583,2.7250,1,collision
956,17,-0.9329,5.4610,0.7572,0.4003,1.3904,0,collision
957,16,-0.9006,5.6282,0.7791,-0.1842,1.8237,0,collision
958,19,-0.9500,5.2543,0.6730,-0.2398,0.8107,0,collision
959,71,12.3020,22.3145,0.7624,-0.0325,2.8819,2,collision
960,16,-0.9295,5.5653,0.7750,0.0926,1.5743,0,collision
961,29,3.8640,10.0155,0.7468,-0.1710,3.5889,1,landed
962,17,-0.9245,5.2471,0.7169,0.2391,1.0536,0,collision
963,18,-0.9705,5.2675,0.7331,0.3765,0.9032,0,collision
964,4,-2.1137,0.0000,0.8055,1.2303,5.6345,0,out
965,17,-0.8386,5.5589,0.7918,0.2977,1.5023,0,collision
966,21,-0.9597,5.2571,0.6791,0.0649,0.6653,0,collision
967,59,11.7468,19.7310,0.7600,-0.1066,5.4711,2,collision
968,17,-0.9489,5.2529,0.7226,-0.3647,1.2361,0,collision
969,58,11.5186,18.5541,0.7018,-0.3113,5.1825,2,collision
970,18,-0.9619,5.2471,0.6639,0.1117,0.7183,0,collision
971,40,4.7815,14.6248,0.6747,-0.0135,2.6016,1,collision
972,19,-0.9315,5.2578,0.6765,-0.0657,0.6840,0,collision
973,70,12.8498,24.8860,0.7329,0.0779,5.1209,2,collision
974,21,-0.9038,5.5001,0.7230,0.3814,0.8333,0,collision
975,17,-0.9311,5.2740,0.6871,0.2507,0.7166,0,collision
976,31,3.8925,10.0320,0.7626,-0.0552,3.3103,1,landed
977,16,-0.9821,5.2481,0.6207,-0.0021,0.4876,0,collision
978,43,4.8986,14.7786,0.7153,-0.0936,2.3650,1,collision
979,26,3.8746,10.0136,0.7329,-0.1764,3.9639,1,landed
980,22,-0.8964,5.5912,0.6755,0.0908,0.9029,0,collision
981,18,-0.8459,5.6094,0.7326,0.3017,1.3176,0,collision
982,49,4.7201,14.0337,0.6452,0.0180,2.0074,1,collision
983,53,5.1855,16.6518,0.7463,-0.3496,2.5865,1,collision
984,21,-1.0142,5.2588,0.5994,0.0714,0.3642,0,collision
985,17,-0.9758,5.2618,0.6800,0.4285,0.7705,0,collision
986,17,-0.9167,5.5635,0.6551,0.1776,1.1252,0,collision
987,17,-0.9754,5.2552,0.6628,0.0255,0.7042,0,collision
988,47,4.8467,14.4588,0.6877,0.1866,2.3257,1,collision
989,21,-0.9308,5.2748,0.6392,0.1154,0.4410,0,collision
990,19,-0.9173,5.2668,0.6562,0.1712,0.5023,0,collision
991,70,12.6922,24.2544,0.6428,0.0940,3.9765,2,collision
992,19,-0.9274,5.5674,0.6640,0.2843,0.7842,0,collision
993,28,-0.9550,5.5522,0.6451,0.3338,0.7949,0,collision
994,74,12.6226,24.2435,0.6545,-0.2932,4.1804,2,collision
995,28,-0.8468,6.0092,0.7043,0.1898,1.0570,0,collision
996,20,-0.8417,5.5578,0.6345,0.4151,0.9419,0,collision
997,20,-1.0164,5.2592,0.6098,-0.0007,0.6042,0,collision
998,19,-0.9574,5.2613,0.6189,0.3809,0.4761,0,collision
999,59,4.7236,14.0093,0.6789,-0.1254,1.8985,1,collision
1000,20,-0.9119,5.2690,0.6198,-0.0452,0.5240,0,collision
1001,52,11.2180,17.1359,0.6779,0.0757,4.3634,2,collision
1002,19,-0.9187,5.2629,0.6370,0.0734,0.9257,0,collision
1003,16,-0.9409,5.2538,0.6004,-0.2744,0.5649,0,collision
1004,21,-0.9395,5.3836,0.6640,0.3426,0.7550,0,collision
1005,54,4.6413,14.0923,0.6482,-0.1091,2.1943,1,collision
1006,27,-0.9778,5.2537,0.6188,0.3064,0.5621,0,collision
1007,17,-0.9339,5.5166,0.7288,0.3651,1.5229,0,collision
1008,24,-1.0976,5.2584,0.5714,0.1064,0.3275,0,collision
1009,23,-0.6672,6.6128,0.6888,-0.0659,1.0692,0,collision
1010,72,12.6949,24.2575,0.6756,-0.2978,3.5193,2,collision
1011,25,-0.9206,5.2628,0.6591,0.1194,0.7149,0,collision
1012,100,22.5370,34.2411,0.6891,-0.3306,5.9269,3,collision
1013,21,-0.9405,5.4131,0.7212,0.2010,1.2889,0,collision
1014,54,4.8583,14.1780,0.6202,0.0109,1.9465,1,collision
1015,20,-0.9127,5.2822,0.7302,0.2124,1.4200,0,collision
1016,22,-0.9727,5.2462,0.6271,0.3695,0.7193,0,collision
